Ref,Val,Package,PosX,PosY,Rot,Side
"C2","100n","C_1206_3216Metric",81.527500,-67.630000,0.000000,top
"C3","10n","C_1206_3216Metric",81.200000,-82.830000,180.000000,top
"C4","10u","C_1206_3216Metric",83.675000,-98.930000,90.000000,top
"C5","10u","C_1206_3216Metric",64.375000,-98.930000,90.000000,top
"D2","4148","D_SOD-323_HandSoldering",64.940000,-72.205000,90.000000,top
"D3","4148","D_SOD-323_HandSoldering",62.790000,-72.265000,-90.000000,top
"D5","4148","D_SOD-323_HandSoldering",76.400000,-52.350000,90.000000,top
"D8","4148","D_SOD-323_HandSoldering",67.487500,-61.930000,180.000000,top
"D10","4148","D_SOD-323_HandSoldering",74.500000,-65.130000,0.000000,top
"D12","D_Schottky","D_SOD-323_HandSoldering",63.493750,-107.300000,90.000000,top
"D13","D_Schottky","D_SOD-323_HandSoldering",80.993750,-107.000000,-90.000000,top
"Q1","BC847","SOT-23",73.225000,-52.630000,180.000000,top
"Q2","BC857","SOT-23",62.350000,-88.062500,90.000000,top
"Q3","BC857","SOT-23",66.050000,-88.062500,90.000000,top
"R6","1k","R_1206_3216Metric",63.150000,-91.300000,0.000000,top
"R9","1k","R_1206_3216Metric",74.600000,-82.200000,0.000000,top
"R10","100R","R_1206_3216Metric",81.237500,-90.285000,0.000000,top
"R11","100k","R_1206_3216Metric",81.212500,-85.265000,0.000000,top
"R12","1k","R_1206_3216Metric",81.212500,-87.765000,0.000000,top
"R13","56k","R_1206_3216Metric",81.200000,-80.130000,0.000000,top
"R14","100k","R_1206_3216Metric",81.200000,-77.790000,0.000000,top
"R17","10k","R_1206_3216Metric",67.240000,-72.105000,90.000000,top
"R18","100k","R_1206_3216Metric",81.225000,-75.330000,180.000000,top
"R19","10k","R_1206_3216Metric",81.225000,-72.930000,0.000000,top
"R25","10k","R_1206_3216Metric",63.150000,-93.662500,0.000000,top
"R27","100k","R_1206_3216Metric",67.525000,-59.630000,0.000000,top
"R28","100k","R_1206_3216Metric",67.525000,-57.230000,180.000000,top
"R29","47k","R_1206_3216Metric",67.550000,-52.310000,0.000000,top
"R30","47k","R_1206_3216Metric",67.525000,-54.730000,0.000000,top
"R35","47k","R_1206_3216Metric",81.525000,-57.930000,0.000000,top
"R37","100k","R_1206_3216Metric",67.425000,-64.230000,180.000000,top
"R38","100k","R_1206_3216Metric",67.425000,-66.730000,0.000000,top
"R42","100k","R_1206_3216Metric",74.625000,-67.530000,0.000000,top
"R43","22k","R_1206_3216Metric",81.575000,-65.230000,180.000000,top
"R44","100k","R_1206_3216Metric",81.537500,-62.820000,0.000000,top
"R48","47k","R_1206_3216Metric",81.500000,-60.300000,180.000000,top
"R50","10k","R_1206_3216Metric",68.100000,-91.300000,180.000000,top
"U1","L7809","SOT-223-3_TabPin2",78.375000,-99.130000,90.000000,top
"U2","LM7909","SOT-223-3_TabPin2",69.975000,-99.130000,90.000000,top
"U3","LM13700","SOIC-16_3.9x9.9mm_P1.27mm",74.500000,-88.700000,0.000000,top
"U5","TL074","SOIC-14_3.9x8.7mm_P1.27mm",74.600000,-76.200000,180.000000,top
"U6","TL074","SOIC-14_3.9x8.7mm_P1.27mm",74.625000,-59.230000,0.000000,top
