"Reference","Value","Datasheet","Footprint","Qty","DNP"
"C3","10n","~","Capacitor_SMD:C_1206_3216Metric","1",""
"C4,C5,C101,C102","10u","~","Capacitor_SMD:C_1206_3216Metric","4",""
"C7","1u","~","Capacitor_SMD:C_1206_3216Metric","1",""
"C103,C104","100n","~","Capacitor_SMD:C_1206_3216Metric","2",""
"D2,D3,D4,D5,D12,D13","4148","~","Diode_SMD:D_SOD-323_HandSoldering","6",""
"J10","Conn_02x05_Odd_Even","~","Connector_IDC:IDC-Header_2x05_P2.54mm_Vertical","1",""
"J16","Conn_01x05_Pin","~","Connector_PinSocket_2.54mm:PinSocket_1x05_P2.54mm_Vertical","1",""
"J103","Conn_01x04_Pin","~","Connector_PinHeader_2.54mm:PinHeader_1x04_P2.54mm_Vertical","1",""
"J104","Conn_01x08_Pin","~","Connector_PinSocket_2.54mm:PinSocket_1x08_P2.54mm_Vertical","1",""
"Q1","BC847","http://www.infineon.com/dgdl/Infineon-BC847SERIES_BC848SERIES_BC849SERIES_BC850SERIES-DS-v01_01-en.pdf?fileId=db3a304314dca389011541d4630a1657","Package_TO_SOT_SMD:SOT-23","1",""
"Q2,Q3","BC857","https://www.onsemi.com/pub/Collateral/BC860-D.pdf","Package_TO_SOT_SMD:SOT-23","2",""
"R2,R3,R4,R11,R14,R18,R20,R23,R24,R27,R28,R32,R34","100k","~","Resistor_SMD:R_1206_3216Metric","13",""
"R6,R9,R12,R22,R31,R33,R101,R104","1k","~","Resistor_SMD:R_1206_3216Metric","8",""
"R10","100R","~","Resistor_SMD:R_1206_3216Metric","1",""
"R13","56k","~","Resistor_SMD:R_1206_3216Metric","1",""
"R17,R19,R21,R25,R50","10k","~","Resistor_SMD:R_1206_3216Metric","5",""
"R29,R30,R35,R48","47k","~","Resistor_SMD:R_1206_3216Metric","4",""
"R102,R103","6k2","~","Resistor_SMD:R_1206_3216Metric","2",""
"RV2,RV3","100k","~","Potentiometer_THT:Potentiometer_Bourns_3296W_Vertical","2",""
"U3","LM13700","http://www.ti.com/lit/ds/symlink/lm13700.pdf","Package_SO:SOIC-16_3.9x9.9mm_P1.27mm","1",""
"U4,U5","TL074","http://www.ti.com/lit/ds/symlink/tl071.pdf","Package_SO:SOIC-14_3.9x8.7mm_P1.27mm","2",""
"U7","4040","http://www.intersil.com/content/dam/Intersil/documents/cd40/cd4020bms-24bms-40bms.pdf","Package_SO:SOIC-16_3.9x9.9mm_P1.27mm","1",""
"U101","LM317_SOT-223","http://www.ti.com/lit/ds/symlink/lm317.pdf","Package_TO_SOT_SMD:SOT-223-3_TabPin2","1",""
"U102","LM337_SOT223","http://www.ti.com/lit/ds/symlink/lm337-n.pdf","Package_TO_SOT_SMD:SOT-223-3_TabPin2","1",""
"U103","TL072","http://www.ti.com/lit/ds/symlink/tl071.pdf","Package_SO:SOIC-8_3.9x4.9mm_P1.27mm","1",""
